,Models,Iterations,Epsilon,Best,Last,Time Taken
0,Linear,0,0,1.0201812056544783,1.0096004804832543,297.76002836227417
1,Linear,0,1,0.8580872419430003,0.8534750685081316,345.3401780128479
